
-- USE ims;

-- INSERT INTO `customers` (`first_name`, `surname`) VALUES ('jordan', 'harrison');
-- INSERT INTO `customers` (`first_name`, `surname`) VALUES ('michael', 'jordan');
-- INSERT INTO `customers` (`first_name`, `surname`) VALUES ('katy', 'wilson');
-- INSERT INTO `customers` (`first_name`, `surname`) VALUES ('zara', 'thomas');
-- INSERT INTO `customers` (`first_name`, `surname`) VALUES ('lucy', 'dickens');
-- INSERT INTO `customers` (`first_name`, `surname`) VALUES ('jack', 'steel');
-- INSERT INTO `customers` (`first_name`, `surname`) VALUES ('tom', 'davies');
-- INSERT INTO `customers` (`first_name`, `surname`) VALUES ('simon', 'lock');
-- INSERT INTO `customers` (`first_name`, `surname`) VALUES ('john', 'smith');
-- INSERT INTO `customers` (`first_name`, `surname`) VALUES ('ellie', 'evans');

-- select * from `customers`;

-- INSERT INTO `items` (`item_name`, `item_value`) VALUES ('football', '19.99');
-- INSERT INTO `items` (`item_name`, `item_value`) VALUES ('teddy', '4.99');
-- INSERT INTO `items` (`item_name`, `item_value`) VALUES ('bucket', '12.50');
-- INSERT INTO `items` (`item_name`, `item_value`) VALUES ('toothbrush', '7.99');
-- INSERT INTO `items` (`item_name`, `item_value`) VALUES ('action figure', '16.99');
-- INSERT INTO `items` (`item_name`, `item_value`) VALUES ('toy duck', '3.99');
-- INSERT INTO `items` (`item_name`, `item_value`) VALUES ('bike', '99.99');
-- INSERT INTO `items` (`item_name`, `item_value`) VALUES ('skateboard', '46.99');
-- INSERT INTO `items` (`item_name`, `item_value`) VALUES ('boxing gloves', '76.55');
-- INSERT INTO `items` (`item_name`, `item_value`) VALUES ('barbie doll', '22.99');

-- select * from items;

-- INSERT INTO `orders` (`customerid`) VALUES ('1');
-- INSERT INTO `orders` (`customerid`) VALUES ('2');
-- INSERT INTO `orders` (`customerid`) VALUES ('3');
-- INSERT INTO `orders` (`customerid`) VALUES ('4');
-- INSERT INTO `orders` (`customerid`) VALUES ('5');
-- INSERT INTO `orders` (`customerid`) VALUES ('6');
-- INSERT INTO `orders` (`customerid`) VALUES ('7');
-- INSERT INTO `orders` (`customerid`) VALUES ('8');
-- INSERT INTO `orders` (`customerid`) VALUES ('9');
-- INSERT INTO `orders` (`customerid`) VALUES ('10');

-- select * from `orders`;

-- INSERT INTO `order_items` (`itemid`, `orderid`, `quantity`) VALUES ('1', '1', '1');
-- INSERT INTO `order_items` (`itemid`, `orderid`, `quantity`) VALUES ('2', '2', '2');
-- INSERT INTO `order_items` (`itemid`, `orderid`, `quantity`) VALUES ('3', '3', '3');
-- INSERT INTO `order_items` (`itemid`, `orderid`, `quantity`) VALUES ('4', '4', '4');
-- INSERT INTO `order_items` (`itemid`, `orderid`, `quantity`) VALUES ('5', '5', '5');
-- INSERT INTO `order_items` (`itemid`, `orderid`, `quantity`) VALUES ('6', '6', '6');
-- INSERT INTO `order_items` (`itemid`, `orderid`, `quantity`) VALUES ('7', '7', '7');
-- INSERT INTO `order_items` (`itemid`, `orderid`, `quantity`) VALUES ('8', '8', '8');
-- INSERT INTO `order_items` (`itemid`, `orderid`, `quantity`) VALUES ('9', '9', '9');
-- INSERT INTO `order_items` (`itemid`, `orderid`, `quantity`) VALUES ('10', '10', '10');


-- select * from `order_items`;

